Date,Open,High,Low,Close,Volume
2022-01-03,103.79203560814493,108.85820885084868,98.68090200504699,103.79203560814493,1591341
2022-01-04,102.14539568823524,104.19874829123779,97.90980876237107,102.14539568823524,3138952
2022-01-05,101.19553979131075,104.18783590331049,97.79176687920933,101.19553979131075,2429140
2022-01-06,101.53366397032732,102.7641675446735,98.6927286199443,101.53366397032732,1341328
2022-01-07,102.70253314381617,105.99566298420275,100.00616535064876,102.70253314381617,2922195
2022-01-10,103.80060554151994,107.9190872894551,100.79372992304613,103.80060554151994,4996223
2022-01-11,103.36227217375553,104.58937902702633,102.77174445221485,103.36227217375553,3603772
2022-01-12,100.70691692011067,104.07640903714345,96.18840424153348,100.70691692011067,3139087
2022-01-13,100.58788989147426,101.8647057100049,99.4026953267309,100.58788989147426,4425845
2022-01-14,102.26374209205237,103.6701254509674,99.80874444422003,102.26374209205237,2439497
2022-01-17,105.09880615863585,110.2557374583528,100.93012072736961,105.09880615863585,2226790
2022-01-18,104.9579079471095,107.64828648802613,102.31394700147196,104.9579079471095,3912959
2022-01-19,103.42051566041981,105.80563934240053,100.02553380704806,103.42051566041981,3739313
2022-01-20,104.73744087068603,109.12000226833001,101.82070843573564,104.73744087068603,4656052
2022-01-21,104.18982258374653,108.85210716862825,99.4691917722841,104.18982258374653,2464832
2022-01-24,104.21645609404142,108.80841324898175,101.10720666962541,104.21645609404142,4781017
2022-01-25,103.72975009144456,106.78963794773101,103.01255189655589,103.72975009144456,2290420
2022-01-26,104.09454653044668,107.94550854907077,101.8001961399147,104.09454653044668,4772040
2022-01-27,106.69096013522281,111.68824387253119,104.00740319928485,106.69096013522281,4004933
2022-01-28,103.24597185546864,107.61580099845702,101.65131565857591,103.24597185546864,3536146
2022-01-31,101.72756380552083,102.8370456497012,97.95024171738567,101.72756380552083,4752028
2022-02-01,103.25164926745461,107.5218968684325,102.61198503886506,103.25164926745461,3989984
2022-02-02,104.49259756552233,107.2891590972569,103.1609704792252,104.49259756552233,2679757
2022-02-03,103.63258496983453,104.12812522452269,103.47225347864362,103.63258496983453,4043715
2022-02-04,104.45719729718878,107.40928875016564,100.35826274345777,104.45719729718878,3008242
2022-02-07,104.57943254570749,106.79043381662736,101.85420417573498,104.57943254570749,3115945
2022-02-08,104.79893582510711,107.82316443954849,99.72427514436835,104.79893582510711,2877239
2022-02-09,105.00284569954763,109.17837216341911,104.25793780055733,105.00284569954763,1559701
2022-02-10,102.02066906035405,102.58714433796992,99.62585793227889,102.02066906035405,3376088
2022-02-11,100.97360454806008,102.45815051594455,98.10895442882975,100.97360454806008,3738700
2022-02-14,102.2098176100242,105.7469385710639,97.43899183681873,102.2098176100242,1975322
2022-02-15,101.77836825845307,101.7998192983745,101.53376785192687,101.77836825845307,2119226
2022-02-16,102.25779487043017,104.3110882479739,97.87863422076204,102.25779487043017,4314712
2022-02-17,102.89235469494953,106.90544531449815,102.54640164475428,102.89235469494953,4231683
2022-02-18,102.29957905531921,106.79502267596592,98.17445224569765,102.29957905531921,4186000
2022-02-21,102.38570143149609,104.49945508245192,100.08694686285823,102.38570143149609,2822554
2022-02-22,102.59758765277856,107.70166975511222,98.54605691225156,102.59758765277856,3410061
2022-02-23,103.4643952174175,105.58271844426424,101.13737088230667,103.4643952174175,2089249
2022-02-24,102.87308627350464,105.4171490899997,99.20658742902404,102.87308627350464,3281734
2022-02-25,101.58825661734113,103.47096036485742,98.37372690200539,101.58825661734113,1206335
2022-02-28,102.22188708780534,106.65162387738958,99.32731213992486,102.22188708780534,3138284
2022-03-01,103.65659009899733,106.94907214272526,101.04611447372257,103.65659009899733,3105451
2022-03-02,101.20600606569359,104.70335810665537,98.91547160648254,101.20600606569359,4459575
2022-03-03,100.44850503667236,103.1449953377018,100.11076025770979,100.44850503667236,4255306
2022-03-04,101.36252315646884,101.81113720080288,97.03957703671405,101.36252315646884,3693208
2022-03-07,101.41787753835821,105.15731765105602,98.51195382439522,101.41787753835821,1258867
2022-03-08,100.87944813922628,102.33741782631049,100.02946092426698,100.87944813922628,4135705
2022-03-09,99.7325047519585,101.41054477659253,95.43475807690979,99.7325047519585,2335363
2022-03-10,102.37278367306266,104.86988340005486,97.81060092246962,102.37278367306266,2453337
2022-03-11,103.30918847042581,104.24622806483997,102.99535681528504,103.30918847042581,1812381
2022-03-14,105.33587067914168,109.15108496400521,101.99805332801574,105.33587067914168,3927042
2022-03-15,108.41784034374594,112.62821178821287,104.00271361045851,108.41784034374594,3118952
2022-03-16,109.8636666975029,110.35192877586879,105.23310565073146,109.8636666975029,2918069
2022-03-17,109.57074820666705,110.31340908122638,108.7019809310944,109.57074820666705,3537980
2022-03-18,108.834031607843,109.49848076446467,106.0678507549436,108.834031607843,2318195
2022-03-21,110.38706946090564,112.69258395029476,108.27980442260898,110.38706946090564,1644806
2022-03-22,111.02629711730876,113.0035017292173,108.05285875704016,111.02629711730876,1776362
2022-03-23,111.90516768962793,116.0563664679879,110.40439939029073,111.90516768962793,3163376
2022-03-24,111.89026997053853,112.00850426764936,108.20686845551528,111.89026997053853,2247792
2022-03-25,111.2317580451161,114.65742681567373,109.48874608512575,111.2317580451161,4130350
2022-03-28,112.87340990183253,117.56228041838136,111.02020715407775,112.87340990183253,1722951
2022-03-29,114.68663319606375,115.23419744522249,113.76364038147354,114.68663319606375,3293766
2022-03-30,116.57804742541238,120.65605056109287,111.06448104134887,116.57804742541238,1184661
2022-03-31,116.9897425858047,119.71096150753318,116.1341605100448,116.9897425858047,2715809
2022-04-01,115.40223806436806,120.3041505845013,114.90010646555136,115.40223806436806,4859588
2022-04-04,115.44045720012343,119.99615775878637,112.48028085395853,115.44045720012343,1105903
2022-04-05,115.53911266437856,117.58186329678878,114.47826842685986,115.53911266437856,3838178
2022-04-06,115.3207468435565,116.89738662593365,112.60686877101301,115.3207468435565,1974497
2022-04-07,115.18359218743011,118.91003791524511,112.74803419698438,115.18359218743011,1455787
2022-04-08,112.85644457598458,117.98029107189726,111.04736649330141,112.85644457598458,3690163
2022-04-11,110.14239733445925,113.55183216197005,105.2545832532517,110.14239733445925,1687498
2022-04-12,109.0380835030875,112.95520997281444,108.9424118180227,109.0380835030875,2881212
2022-04-13,108.44010235275954,113.3415341114588,103.38396662718598,108.44010235275954,2897263
2022-04-14,107.0904151072162,109.16121783049819,103.84350019910427,107.0904151072162,1001561
2022-04-15,109.52351588904462,110.13476192181645,108.40441076164983,109.52351588904462,4594192
2022-04-18,108.23333160695334,112.56265701049014,103.3758584140609,108.23333160695334,1903692
2022-04-19,107.5546003447696,112.72645428586635,107.21974338168567,107.5546003447696,3402797
2022-04-20,107.37628261581851,111.69525471703646,106.67790971523475,107.37628261581851,1273262
2022-04-21,108.51302003632115,111.74436250609183,107.12108121163017,108.51302003632115,2795487
2022-04-22,108.40120481672194,113.13814162822185,105.04957637893678,108.40120481672194,3509315
2022-04-25,109.30310023047262,110.10568589351321,108.8230234782745,109.30310023047262,1221356
2022-04-26,107.47870651050188,108.95589492758047,107.03578698382621,107.47870651050188,4086193
2022-04-27,107.84856713751535,108.23717005559675,105.41353849873492,107.84856713751535,1414755
2022-04-28,107.43007607967276,111.05551380152828,104.92781383789686,107.43007607967276,3719557
2022-04-29,108.06888009437681,110.0618030239702,107.01951541267096,108.06888009437681,4625938
2022-05-02,110.35140208491629,115.23464957832948,109.10812553931024,110.35140208491629,4931675
2022-05-03,109.34301861335663,110.25495100717225,105.69488039998957,109.34301861335663,3725634
2022-05-04,106.62331399111464,109.5821741481338,104.2696744815755,106.62331399111464,3983468
2022-05-05,106.615660100382,110.93821798618363,101.3111702932661,106.615660100382,3709306
2022-05-06,107.7263565964248,108.58440896920344,105.46236864665404,107.7263565964248,3549182
2022-05-09,106.68067954702305,111.39287103015191,102.92671474163392,106.68067954702305,1471344
2022-05-10,105.01507390088337,107.11844913579901,104.97051970579871,105.01507390088337,2310062
2022-05-11,106.86939539587911,110.56705030679262,101.88676466139833,106.86939539587911,3037927
2022-05-12,107.18298300492175,107.53708069014901,106.41055114264597,107.18298300492175,3718920
2022-05-13,107.3972830147504,112.36014435612788,103.10565635853314,107.3972830147504,4503279
2022-05-16,107.5556898005418,108.48864337326961,103.01713306078929,107.5556898005418,1242693
2022-05-17,108.80086241075416,110.52673038237114,104.27376990978037,108.80086241075416,4465262
2022-05-18,109.65425453442217,112.45850996406958,105.33368485579386,109.65425453442217,3704821
2022-05-19,108.11680444560062,110.94884338914162,105.80348648180836,108.11680444560062,2681479
2022-05-20,108.04065065689953,109.61976624792776,107.71674815585185,108.04065065689953,4616421
2022-05-23,107.78537233985165,109.96555500991703,104.9757733675136,107.78537233985165,4871979
2022-05-24,108.46458029188226,108.5409221179296,105.80828593980128,108.46458029188226,1323297
2022-05-25,108.57760961852452,108.60255505162317,105.08039399188775,108.57760961852452,4915669
2022-05-26,110.02835326884248,111.777998907111,107.62404315415387,110.02835326884248,3099809
2022-05-27,111.60061608994684,115.70400509196007,107.52838225235867,111.60061608994684,2612376
2022-05-30,109.46661556416576,110.77296169179075,105.13767444746026,109.46661556416576,3637887
2022-05-31,107.5936637730241,111.55766811183834,106.65829857831257,107.5936637730241,4394424
2022-06-01,105.81778761924923,109.48693569439301,105.69405176321264,105.81778761924923,1275680
2022-06-02,106.09772284427667,110.2956023570656,102.7359235500376,106.09772284427667,2723893
2022-06-03,106.78335116675534,108.45382785202965,104.77703591571726,106.78335116675534,4947454
2022-06-06,109.17307063731903,110.69955099206462,108.88173365782849,109.17307063731903,4885811
2022-06-07,110.34217245824777,113.98191821022529,109.74161945713624,110.34217245824777,1475670
2022-06-08,111.10719193479783,115.90550784332977,109.66989335108899,111.10719193479783,2759413
2022-06-09,108.78412099307111,112.13756306819175,107.88192078939963,108.78412099307111,3877316
2022-06-10,107.18519524233731,110.21600890897983,105.04850257824704,107.18519524233731,3105284
2022-06-13,106.61843319342462,109.7869686420838,105.57838697951571,106.61843319342462,1305160
2022-06-14,104.6358586515413,107.51317122941411,104.24606548118673,104.6358586515413,1973817
2022-06-15,105.08043913342337,108.47621986024866,102.50702636207006,105.08043913342337,2926437
2022-06-16,106.39334876559495,109.17902672595056,102.63132109250625,106.39334876559495,4706415
2022-06-17,106.34920305954482,108.38540223699339,103.16580101963818,106.34920305954482,3661561
2022-06-20,106.94534540238759,108.3605755335346,104.1839599376445,106.94534540238759,2274303
2022-06-21,107.0952788899206,107.19688319096659,107.04562702753776,107.0952788899206,1043650
2022-06-22,105.81055899036598,106.14979153311691,102.94496480588184,105.81055899036598,1178147
2022-06-23,107.68975421577598,111.90811032250384,103.15528238522553,107.68975421577598,4584038
2022-06-24,104.43082786420298,106.92273940263162,103.34397312433663,104.43082786420298,3322972
2022-06-27,105.17094364609135,105.64560446311499,102.24125258008614,105.17094364609135,1949057
2022-06-28,104.09258416064144,107.56801944942512,101.51099568874615,104.09258416064144,1046574
2022-06-29,105.66709983339933,107.00249280292223,101.05382988393923,105.66709983339933,4764321
2022-06-30,108.26680775512324,112.79823915539184,105.68380127765023,108.26680775512324,4616638
2022-07-01,107.61773467541829,110.53414987795854,104.1181013949762,107.61773467541829,2356291
2022-07-04,108.8731344323202,111.17232049614115,103.69853711443898,108.8731344323202,3960929
2022-07-05,107.38133673295559,111.15265082349214,106.06771201664883,107.38133673295559,1230951
2022-07-06,106.71174511019483,110.17014735314204,105.18097264371542,106.71174511019483,2876341
2022-07-07,107.46536967872387,112.43827774200615,104.29618317165993,107.46536967872387,4506890
2022-07-08,108.02737050110126,108.43925564456926,105.85178957997913,108.02737050110126,4311716
2022-07-11,105.03093897534161,108.65654878498489,102.06905820232318,105.03093897534161,2363128
2022-07-12,105.13507116331208,107.395499601321,104.09165247716996,105.13507116331208,2780518
2022-07-13,104.41277151106496,108.2046378211838,99.3877669127476,104.41277151106496,1323071
2022-07-14,107.8765036926843,111.25962034124488,103.51977360513276,107.8765036926843,1924825
2022-07-15,110.9787038028145,115.71964938193025,106.57884063812195,110.9787038028145,2536233
2022-07-18,113.68456829087073,117.47922427671413,108.37522071336394,113.68456829087073,4247003
2022-07-19,115.49068183170864,116.70892930080193,114.34087422517341,115.49068183170864,2497312
2022-07-20,113.82118262522039,114.17002806106521,110.37321636394573,113.82118262522039,1673341
2022-07-21,113.35634813472602,114.13567060760417,110.05346094299264,113.35634813472602,2964915
2022-07-22,114.98393984486955,119.2554541075534,114.84091016842018,114.98393984486955,1337925
2022-07-25,115.31760276853697,117.61686325548713,112.93013867850442,115.31760276853697,2398519
2022-07-26,113.71468419851288,117.05233554356278,109.16460043350592,113.71468419851288,3808881
2022-07-27,112.47308716377553,117.97257948803713,108.9889680805918,112.47308716377553,2965848
2022-07-28,112.40959671909185,113.45794872036451,112.19677410549023,112.40959671909185,3338432
2022-07-29,111.84282524564306,115.15225602911333,110.6105453308995,111.84282524564306,4193882
2022-08-01,111.84243843777769,115.69204961046704,110.77247010477036,111.84243843777769,2527262
2022-08-02,111.74205400587415,112.10329558640305,107.39234627192879,111.74205400587415,2725565
2022-08-03,111.12929756669281,114.66768778270585,109.87774598549146,111.12929756669281,1587047
2022-08-04,109.87926570208307,110.49004789768225,104.52816604329817,109.87926570208307,2240531
2022-08-05,110.67789477966491,111.71388568981861,108.88413267995153,110.67789477966491,4093984
2022-08-08,111.17702615906956,112.17439742554664,108.6931764648397,111.17702615906956,4988518
2022-08-09,112.69328713060914,117.55999423484171,107.2774204728786,112.69328713060914,3018672
2022-08-10,113.61859239755722,115.34981949768965,108.54162206882015,113.61859239755722,3847146
2022-08-11,114.13761663856985,116.71245407662197,111.95414337187347,114.13761663856985,2812123
2022-08-12,113.80362376176198,116.27243283464041,108.1282280867666,113.80362376176198,4850451
2022-08-15,113.32679867454605,116.96563154293793,110.75353138592173,113.32679867454605,2502350
2022-08-16,115.32351980984495,120.70787928543479,110.8546242718442,115.32351980984495,3983236
2022-08-17,113.9580499455669,119.36463148425072,108.56377545236093,113.9580499455669,2576837
2022-08-18,111.92381724652097,113.3708900995952,107.2584682992741,111.92381724652097,2250974
2022-08-19,112.20353634919843,113.02039995930474,107.65241608370711,112.20353634919843,1379358
2022-08-22,113.1699676897091,117.91680034999429,112.37676651718017,113.1699676897091,1421721
2022-08-23,111.05220357775609,113.25656119387845,108.65782851701168,111.05220357775609,3742828
2022-08-24,112.47384627890837,113.00907436444434,110.71227679290102,112.47384627890837,1628898
2022-08-25,115.1699707164822,116.50958859663984,112.11374316326754,115.1699707164822,4741434
2022-08-26,115.82923930849005,120.98017655690725,111.96629938505072,115.82923930849005,3734587
2022-08-29,115.3147172067647,116.34476412188133,112.24097266089055,115.3147172067647,1316147
2022-08-30,114.99247543873616,115.88631445253182,113.06205122111562,114.99247543873616,2867182
2022-08-31,114.17166038187742,117.05188459681565,113.08381674409485,114.17166038187742,3442436
2022-09-01,114.81604193664022,118.55324355501305,111.10092170740162,114.81604193664022,1645895
2022-09-02,115.18916848598414,119.37251750278703,115.16554956927276,115.18916848598414,3346648
2022-09-05,114.89977883364345,119.63894463573267,113.66419410261821,114.89977883364345,4946818
2022-09-06,112.07507568155842,117.20619442930906,110.82977742266101,112.07507568155842,2915992
2022-09-07,113.6111340034636,116.18674421522475,110.85353333067641,113.6111340034636,4511076
2022-09-08,113.55064177326972,118.51612750547382,108.16275841706884,113.55064177326972,1666252
2022-09-09,113.80038593701258,117.9526632844193,112.6921720577493,113.80038593701258,2313935
2022-09-12,112.72704304934052,118.17170420446487,108.4098095763818,112.72704304934052,3838894
2022-09-13,111.37147454462703,116.72872013056741,106.92429284476633,111.37147454462703,2207337
2022-09-14,110.85231254205428,116.15562031416034,108.54741790245374,110.85231254205428,3712559
2022-09-15,110.63257232927216,115.5212980893627,109.91302423727547,110.63257232927216,4018544
2022-09-16,112.95264065841562,114.06758334767402,111.92246167106596,112.95264065841562,1527399
2022-09-19,111.33618597214748,111.47449970104489,108.54861977178827,111.33618597214748,1858811
2022-09-20,110.67539247925319,110.71186641097354,106.85251459093652,110.67539247925319,2356018
2022-09-21,110.09490531877248,112.93603576233052,106.30227823677411,110.09490531877248,2877508
2022-09-22,111.37578233104429,116.58150959018643,108.3362236797813,111.37578233104429,4944920
2022-09-23,112.30032444164306,113.58997010809205,111.09078408357111,112.30032444164306,4963842
2022-09-26,110.37483384108423,115.12582997960313,107.2611829787625,110.37483384108423,4908010
2022-09-27,109.70985488282837,111.84530513725218,106.93712509713558,109.70985488282837,2284909
2022-09-28,111.16215848895288,115.56740354873743,110.95180148409766,111.16215848895288,4013541
2022-09-29,110.16535922267785,114.53741756626717,108.25770867453534,110.16535922267785,2820130
2022-09-30,113.22246440332722,113.63856631262546,110.47229786880506,113.22246440332722,3989145
2022-10-03,113.42844740521238,115.64550489136235,111.08809148429287,113.42844740521238,3610400
2022-10-04,112.55867312031025,113.44247638614215,110.653870615662,112.55867312031025,1569983
2022-10-05,114.21311357467808,115.67033989886895,112.81328572430915,114.21311357467808,3304088
2022-10-06,113.48752669486167,114.54783571638302,112.32990266060705,113.48752669486167,2991256
2022-10-07,114.99876977006758,115.56355799821674,109.8443065612805,114.99876977006758,2092388
2022-10-10,113.24717262042215,113.81193915036945,110.35447094158373,113.24717262042215,4211072
2022-10-11,112.15466643427312,115.49178131039409,111.85719012099969,112.15466643427312,2074074
2022-10-12,111.92433705203007,112.9036970401265,107.99047442809685,111.92433705203007,3972464
2022-10-13,112.21550511858598,112.32186975960028,110.21502662851307,112.21550511858598,3101094
2022-10-14,113.64702554021936,114.93466014723346,110.79367351003147,113.64702554021936,1492580
2022-10-17,112.90552063878022,116.14619827455878,107.7566614938613,112.90552063878022,3395242
2022-10-18,115.65677586148881,119.12082323265892,109.90311274634695,115.65677586148881,4585438
2022-10-19,115.04295391517275,120.4594708644952,114.16928817403362,115.04295391517275,1796017
2022-10-20,115.29762454573944,116.62221745594171,112.34201219932162,115.29762454573944,3147435
2022-10-21,114.15143969485032,119.69573542806701,111.93259430949827,114.15143969485032,3197026
2022-10-24,114.71433523480755,117.73611456982293,109.7159675878351,114.71433523480755,1830371
2022-10-25,112.6461942882652,117.8663282555765,107.08068898954274,112.6461942882652,1139706
2022-10-26,114.62952748595372,118.46692124268182,113.31840238637595,114.62952748595372,4951995
2022-10-27,115.62023152578578,119.81857702933905,113.90493692765845,115.62023152578578,4370504
2022-10-28,116.06671029507709,120.37104871516476,114.88367203150557,116.06671029507709,3969373
2022-10-31,116.01188420721137,118.05777955718199,110.24837478837725,116.01188420721137,3738958
2022-11-01,114.11228493160186,115.07442288985159,109.76003579254856,114.11228493160186,3763090
2022-11-02,114.29378755989346,115.27714363793511,110.14534174027717,114.29378755989346,3357813
2022-11-03,114.07590890906445,114.84247497032369,110.33975367318149,114.07590890906445,1853257
2022-11-04,112.51804191258343,114.99457209502526,109.53470567159327,112.51804191258343,3526190
2022-11-07,111.43447406951647,114.17059793719329,110.4773886078257,111.43447406951647,1698331
2022-11-08,111.29751241162413,112.49544920710522,109.85349176004338,111.29751241162413,2114546
2022-11-09,107.8604566898364,109.37153653873166,106.38669314833668,107.8604566898364,4635431
2022-11-10,108.06665398587151,108.59062363159545,107.43126237434913,108.06665398587151,2114408
2022-11-11,110.59000263859846,113.60713183705724,106.22256047470835,110.59000263859846,4120558
2022-11-14,110.60880978519377,113.60576407802989,105.77370577666518,110.60880978519377,4021407
2022-11-15,110.80671263394862,112.89393056074263,105.60987496689046,110.80671263394862,2336664
2022-11-16,110.00544033306849,113.7408925195399,109.39999182312629,110.00544033306849,3997687
2022-11-17,112.44431867288121,115.28428875363205,111.36554784028078,112.44431867288121,4314745
2022-11-18,112.53937055510771,113.21108483809375,111.08572870942166,112.53937055510771,1025155
2022-11-21,113.47297722074423,113.81993263770319,108.74091978485205,113.47297722074423,1106842
2022-11-22,112.72661024449148,117.66493794957861,111.50894899878384,112.72661024449148,1542289
2022-11-23,113.16059285502446,113.23981163662896,109.0959515864325,113.16059285502446,2529344
2022-11-24,114.09615250973854,119.63744073724584,113.74422611109495,114.09615250973854,2062926
2022-11-25,114.58217536936648,119.18638218567845,111.26622868911289,114.58217536936648,2141121
2022-11-28,116.32692776322989,119.74599966478446,115.93727884612491,116.32692776322989,4898151
2022-11-29,116.80829522784606,121.15499706459303,114.05324007947026,116.80829522784606,1027438
2022-11-30,115.15245520472722,118.53374119955541,111.26168330747197,115.15245520472722,2660638
2022-12-01,113.33031403951209,118.90529005867961,111.10995390290066,113.33031403951209,4662543
2022-12-02,112.93111372086608,117.38594487312263,107.77923056344893,112.93111372086608,2810021
2022-12-05,113.05701805383283,114.29490469637724,112.07039913809759,113.05701805383283,3773310
2022-12-06,111.54976078661804,114.15404387449317,108.02330317755225,111.54976078661804,4541269
2022-12-07,113.40873967130335,114.06983070349065,113.24425098804257,113.40873967130335,4658590
2022-12-08,111.86716557703258,114.84770054739876,110.02285458495824,111.86716557703258,2023342
2022-12-09,110.06798287581185,111.37884912431973,109.1173201279628,110.06798287581185,1934703
2022-12-12,110.54627233129803,112.26823945691874,110.0849187302133,110.54627233129803,1946523
2022-12-13,111.75764865590105,114.9929232795032,111.31228811431862,111.75764865590105,4947229
2022-12-14,111.35919660031406,114.45426070563069,109.87245412411711,111.35919660031406,4895376
2022-12-15,112.4303905087479,114.12953934832193,108.7921639266562,112.4303905087479,2856247
2022-12-16,112.7097520063939,114.95312641133357,109.34855200871704,112.7097520063939,2476130
2022-12-19,111.43945465176606,112.33587299747072,110.15500481449234,111.43945465176606,4287312
2022-12-20,114.53528791159582,116.80715853664024,110.87346114257697,114.53528791159582,1348383
2022-12-21,113.32957266612132,113.3389355940978,112.1586302390631,113.32957266612132,4662654
2022-12-22,117.55341893345917,119.38642834941035,116.04680707617051,117.55341893345917,1062330
2022-12-23,117.81998131239565,119.00677291939485,117.06137995853476,117.81998131239565,2727812
2022-12-26,120.407599918822,121.25632543121108,118.86041943607839,120.407599918822,2582122
2022-12-27,121.01554323609152,124.7943347245422,119.12294984199643,121.01554323609152,4504079
2022-12-28,121.29010162684654,125.13758108837565,116.21184253232911,121.29010162684654,3600682
2022-12-29,120.86948811426805,125.10492365516149,116.79639335354929,120.86948811426805,4646072
2022-12-30,122.03341045506833,125.42282183801457,119.75386107584846,122.03341045506833,3997444
2023-01-02,120.85043294341047,126.50005304358417,115.28728191180674,120.85043294341047,2873639
2023-01-03,121.17006838391609,121.9258731485032,117.53950895045725,121.17006838391609,4351756
2023-01-04,120.67753853897575,123.7792285376224,120.24553401283202,120.67753853897575,2113463
2023-01-05,120.73421942990504,123.24907962903643,115.97687205204502,120.73421942990504,2678538
2023-01-06,121.0171253122345,121.23821103320081,116.88732860590113,121.0171253122345,3788503
2023-01-09,122.10884054282498,123.68832604427391,119.22501224120514,122.10884054282498,4946207
2023-01-10,123.50491222858841,129.26989215515832,121.15112006396669,123.50491222858841,4867722
2023-01-11,124.09117693757814,127.20523538032036,119.89152058946246,124.09117693757814,4637148
2023-01-12,124.8109900157665,125.95409310381075,123.2781724953499,124.8109900157665,4958220
2023-01-13,124.12579690460956,129.74590925504356,119.22810469938533,124.12579690460956,1072694
2023-01-16,124.64200889058921,130.64261915696622,120.41747112317464,124.64200889058921,4740697
2023-01-17,123.07647875456678,127.59085050496174,117.23151462120177,123.07647875456678,2005482
2023-01-18,121.9122344049898,124.29990332227752,116.59450909508206,121.9122344049898,1435261
2023-01-19,120.60685526155639,126.23435275793794,115.54081485032854,120.60685526155639,1681712
2023-01-20,121.73157745066757,125.93561790007124,118.1018625146956,121.73157745066757,2363643
2023-01-23,122.64785520160218,125.43595419916805,116.99233735310293,122.64785520160218,3024871
2023-01-24,122.39673007403277,124.66916890085537,116.52016908598092,122.39673007403277,3505211
2023-01-25,121.98870570765907,125.01252381167038,116.00988393379664,121.98870570765907,3872122
2023-01-26,122.19614008589387,125.36798220132621,122.17211246416872,122.19614008589387,2111482
2023-01-27,121.80898587459167,126.92021970154336,116.0913404351016,121.80898587459167,3706830
2023-01-30,123.25104790538998,125.69628337151721,121.5920278394904,123.25104790538998,1663476
2023-01-31,121.49450584839613,126.79484516838811,118.9977451802937,121.49450584839613,1784260
2023-02-01,123.10274117860584,126.42112293838574,122.39868527860204,123.10274117860584,1544966
2023-02-02,124.37364860034785,126.64705655351223,120.39933518194707,124.37364860034785,4006407
2023-02-03,124.76548063159295,130.7425106396876,122.86696423471815,124.76548063159295,2898340
2023-02-06,126.42573130062779,129.3740105094781,125.97604661726952,126.42573130062779,2619040
2023-02-07,124.70846134311391,124.95918913618115,120.13558623378265,124.70846134311391,2367691
2023-02-08,126.99133741688371,128.22584038644723,121.7805283623652,126.99133741688371,1556947
2023-02-09,126.74676207076045,130.5294366680506,125.55006419681862,126.74676207076045,4631909
2023-02-10,126.4941312905987,129.35515560258273,121.60760257685484,126.4941312905987,4833315
2023-02-13,128.1451065196835,132.2968680079705,126.99440980446376,128.1451065196835,4900774
2023-02-14,130.89270258363933,132.53297330857632,124.97970786967743,130.89270258363933,4877487
2023-02-15,128.9357375420432,135.04187446293503,126.28044791924574,128.9357375420432,2918133
2023-02-16,128.91752484232507,134.70487570950345,122.7481108382457,128.91752484232507,2399876
2023-02-17,125.69151938807353,130.6084748547457,120.03931186651383,125.69151938807353,4937349
2023-02-20,124.80098837337098,129.82451137435785,122.58791450905477,124.80098837337098,1875034
2023-02-21,125.00700423910783,130.48679968972047,123.67588195925308,125.00700423910783,4086010
2023-02-22,125.37143732576348,130.4201727945597,119.26699265774654,125.37143732576348,2223856
2023-02-23,126.59428597066307,127.13646268566897,123.25341040146878,126.59428597066307,4394552
2023-02-24,128.28211250560292,134.16861055229518,127.16177257333305,128.28211250560292,1284347
2023-02-27,130.67738164450526,135.06350245973178,128.99478155678148,130.67738164450526,2003988
2023-02-28,131.4043932504366,135.90761091637947,125.84892651387258,131.4043932504366,4187170
2023-03-01,130.4544176525812,130.8374832007455,129.31846264360126,130.4544176525812,2897338
2023-03-02,131.55008151283508,133.99135499669305,126.66435504521328,131.55008151283508,1917799
2023-03-03,131.66393540140263,137.72306662573834,127.27583365878131,131.66393540140263,3855548
2023-03-06,131.07801789175608,135.51818307656725,130.695106405146,131.07801789175608,1472957
2023-03-07,131.09959919646337,132.79981871203742,129.46920042539875,131.09959919646337,3994070
2023-03-08,129.14029520730784,129.86982996936854,126.76809757197458,129.14029520730784,4737888
2023-03-09,127.59535210266269,132.7972424065355,123.34288227641257,127.59535210266269,2737401
2023-03-10,129.3493467218893,133.66954443661544,126.47178088951705,129.3493467218893,3519241
2023-03-13,126.96230531977537,128.6481685416211,124.9311574617776,126.96230531977537,4845855
2023-03-14,127.94598470673334,132.30955085791325,124.48164445078832,127.94598470673334,4599183
2023-03-15,130.06919880523967,132.68670199285725,128.8266956866659,130.06919880523967,1697341
2023-03-16,130.62274735688237,132.87243056402508,128.83922600023033,130.62274735688237,4905448
2023-03-17,129.7092434380354,134.04855780985966,124.64914149303144,129.7092434380354,2007327
2023-03-20,128.06861735869145,131.0398983683515,126.7109626079836,128.06861735869145,4035885
2023-03-21,126.59386447195149,131.0915170364344,121.54482389647207,126.59386447195149,2182612
2023-03-22,125.44846539269167,126.6081086008367,125.40212416036927,125.44846539269167,2862526
2023-03-23,126.97430733111979,130.73136408045565,126.37570547138634,126.97430733111979,2865778
2023-03-24,130.62566598631818,132.9636834400992,126.86091651331344,130.62566598631818,2941517
2023-03-27,129.5231098250334,132.1090282605939,127.84420609915496,129.5231098250334,4560963
2023-03-28,128.94704835775892,129.08075074266534,127.93570317811127,128.94704835775892,3257892
2023-03-29,128.3100590473406,133.28229048304806,125.2488033563112,128.3100590473406,3416717
2023-03-30,129.24997570848325,133.8504876756305,128.46467647208664,129.24997570848325,1801727
2023-03-31,128.55221944288252,134.1170557393849,125.23110250746379,128.55221944288252,4657681
2023-04-03,126.37889784867053,130.7780967914187,122.64016507147785,126.37889784867053,1432693
2023-04-04,126.21599607025891,126.6434034140679,123.94466925316455,126.21599607025891,3247244
2023-04-05,122.26891272848411,127.40892315150256,119.96877748637131,122.26891272848411,3758636
2023-04-06,122.86371980021875,127.01529763539938,121.37739688726654,122.86371980021875,1731988
2023-04-07,121.35829044566387,125.68008048400847,117.07716941774935,121.35829044566387,4779647
2023-04-10,119.42741445354677,120.24630842140915,118.09236344584366,119.42741445354677,3762906
2023-04-11,117.87031418743548,120.51461897770172,114.0641906077689,117.87031418743548,2425997
2023-04-12,115.85525993111797,119.32807103033501,112.88997412254386,115.85525993111797,4503961
2023-04-13,114.6262700049728,116.39334115294612,112.67575806241081,114.6262700049728,1259213
2023-04-14,115.86153054352533,118.18585976429421,112.29911324617824,115.86153054352533,4121941
2023-04-17,116.5456413985424,117.46809523278561,111.71103435076365,116.5456413985424,1151350
2023-04-18,116.69111827222666,120.93372477762979,113.37927423517333,116.69111827222666,1676100
2023-04-19,116.39761943232703,121.40497631118832,112.90871703046248,116.39761943232703,1076898
2023-04-20,116.69070296435684,121.0270123827255,114.44799272744247,116.69070296435684,1291011
2023-04-21,118.7329622282951,122.50568624825978,116.37998684613933,118.7329622282951,3194390
2023-04-24,119.28025285242481,121.28652682721494,118.53186792562197,119.28025285242481,4675150
2023-04-25,118.97525965275446,120.15977479882552,117.66578902304444,118.97525965275446,4159997
2023-04-26,119.63588033855855,123.67209593096062,116.38545826421525,119.63588033855855,4127600
2023-04-27,122.04703372223567,122.54541544429671,120.83707923845184,122.04703372223567,1342686
2023-04-28,119.52756214695685,120.12436930025417,119.4943365834344,119.52756214695685,4151628
2023-05-01,120.00295145282269,121.74215252875955,117.45331598525014,120.00295145282269,3020324
2023-05-02,120.10429547238591,121.71345589260942,114.51673841581878,120.10429547238591,4282248
2023-05-03,119.6418567032837,122.93628558581077,114.8400277389865,119.6418567032837,1174965
2023-05-04,117.56533251514963,119.99623201190063,113.82140688321101,117.56533251514963,1196603
2023-05-05,116.92734017185643,117.38826433539411,111.51766088814328,116.92734017185643,2352902
2023-05-08,115.89712218122231,119.01672911436553,115.03490146305658,115.89712218122231,4281520
2023-05-09,116.13143151604511,121.47424760003217,113.88209561026677,116.13143151604511,3953871
2023-05-10,119.85710990263604,125.08503880019656,118.3609308065775,119.85710990263604,3506061
2023-05-11,117.8046411100281,123.35624275400063,111.92323189911389,117.8046411100281,4153628
2023-05-12,117.2498512711758,118.75215201924473,114.03090398379707,117.2498512711758,1381916
2023-05-15,119.74958724825618,121.89786034807025,114.00994991879412,119.74958724825618,4184623
2023-05-16,118.91049044466924,122.53258001647528,113.93534374647572,118.91049044466924,1506772
2023-05-17,119.42334918182195,121.68830382744301,119.27466100516016,119.42334918182195,1664063
2023-05-18,121.47656539995754,124.07539432733459,120.89854864225869,121.47656539995754,1873460
2023-05-19,121.56381185775824,121.82793252521583,120.02447999401599,121.56381185775824,4362400
2023-05-22,121.15739414940673,123.51787819190329,115.17486576227437,121.15739414940673,2409563
2023-05-23,121.94270112735575,125.93802815470421,117.04911550523241,121.94270112735575,1321430
2023-05-24,122.07334237952105,127.3434869820046,120.74442379974407,122.07334237952105,3799657
2023-05-25,121.59443296725863,123.24338048878329,118.915812070892,121.59443296725863,2056465
2023-05-26,122.56241125354936,124.75849892062158,119.64520476393822,122.56241125354936,3969045
2023-05-29,122.05473570550882,123.97286192084658,117.0203971999363,122.05473570550882,3216313
2023-05-30,121.57826287374529,126.20299354163382,120.57315875559125,121.57826287374529,3007850
2023-05-31,121.03955861349414,124.34628961791985,115.3322897177281,121.03955861349414,1082431
2023-06-01,121.5834285838242,124.79931108944719,115.55400326007052,121.5834285838242,2111452
2023-06-02,122.48046480507266,127.83055452030823,120.33598926815355,122.48046480507266,4741012
2023-06-05,121.33294180778059,126.26751070992972,117.7150580522582,121.33294180778059,2321745
2023-06-06,119.96100323490121,125.19323192030258,119.01664502445098,119.96100323490121,3600686
2023-06-07,118.66658850056682,123.24587159889039,115.96287632515296,118.66658850056682,1952837
2023-06-08,118.02901372935484,121.35472978080189,117.5976681200111,118.02901372935484,4907390
2023-06-09,120.97106662824325,122.51838291726652,119.86151542613126,120.97106662824325,2725111
2023-06-12,118.6470822035936,121.81594994252335,115.67930176020367,118.6470822035936,3824744
2023-06-13,120.55526700869264,122.13371199658744,117.20023700024268,120.55526700869264,1336463
2023-06-14,121.53221568500783,123.57766558434693,117.72657444029666,121.53221568500783,1668096
2023-06-15,120.55515205519792,120.60493985138767,118.6180810403499,120.55515205519792,4582394
2023-06-16,121.60418273946647,126.10262419019273,117.66850231734053,121.60418273946647,1490428
2023-06-19,120.05094861794737,125.76313048060771,118.93453589703124,120.05094861794737,3024083
2023-06-20,122.16393887785757,126.91608241528591,118.90298921641295,122.16393887785757,2215370
2023-06-21,121.66352260781721,125.08679201516163,119.31459776552938,121.66352260781721,4495129
2023-06-22,124.40084085778471,129.17186372529713,123.93614548846439,124.40084085778471,3053451
2023-06-23,124.85737926655042,128.5194637249133,122.74319509947811,124.85737926655042,2341352
2023-06-26,122.53358410450937,123.73159609490146,117.8330794137704,122.53358410450937,1926923
2023-06-27,122.88382918620236,124.34626418216351,117.70346909959378,122.88382918620236,1932466
2023-06-28,127.68388560552489,131.46517834129426,127.59868531650754,127.68388560552489,1197452
2023-06-29,129.59893771722514,133.68405204235654,126.862111896267,129.59893771722514,1907375
2023-06-30,130.92114492655995,133.06908447250538,130.05925822836247,130.92114492655995,1954455
2023-07-03,131.75904070050436,138.3372580670013,131.38952260284302,131.75904070050436,4750098
2023-07-04,130.30880089510075,132.0576358332315,126.97440643165534,130.30880089510075,1422374
2023-07-05,130.32211797525892,134.79602714664776,127.11800436806396,130.32211797525892,2737569
2023-07-06,129.87401781603842,131.7385616686148,124.17361540668087,129.87401781603842,2786396
2023-07-07,127.32483014247487,133.16302002973651,123.21882822680072,127.32483014247487,3961030
2023-07-10,127.32572756507527,129.6486605478641,123.98580428511539,127.32572756507527,2010134
2023-07-11,126.930457796281,129.0534174602121,122.34707860537593,126.930457796281,4714422
2023-07-12,127.83476478890181,127.89793353244272,124.48563029020809,127.83476478890181,2217420
2023-07-13,128.327915449432,129.22298854890198,125.72040796247195,128.327915449432,3005014
2023-07-14,129.04117230814637,133.93440099317996,126.42567184915575,129.04117230814637,4662793
2023-07-17,131.84553808861062,137.71259004021175,125.34401336205943,131.84553808861062,1660934
2023-07-18,131.5303470728596,134.96338714491748,128.75428740852675,131.5303470728596,3266151
2023-07-19,132.93589004717404,136.2161935029726,131.91974685321333,132.93589004717404,3819146
2023-07-20,134.01167333719187,139.12980194565372,129.7720864367001,134.01167333719187,2206170
2023-07-21,133.4733260410903,134.55409593836464,128.89259926631627,133.4733260410903,3231106
2023-07-24,133.0664620768233,138.9359843783845,132.71471343274396,133.0664620768233,4198643
2023-07-25,135.08196144865505,137.55961473133698,131.4466903417617,135.08196144865505,2755246
2023-07-26,135.13812861307412,141.1483216156895,130.6721793053911,135.13812861307412,1443599
2023-07-27,136.89930841247434,140.7743147267437,131.05750366374727,136.89930841247434,3139166
2023-07-28,137.63517551108816,137.79138227828085,132.44533915379273,137.63517551108816,1500745
2023-07-31,136.0934402604913,139.20599145564358,133.1203891186425,136.0934402604913,3006952
2023-08-01,136.64232615243563,138.9379995920523,131.13970319779608,136.64232615243563,1784208
2023-08-02,137.103643866978,142.48501294248246,130.9528857046504,137.103643866978,4011146
2023-08-03,138.5470919456056,143.082846438787,136.68124917189127,138.5470919456056,2355381
2023-08-04,138.8970577128434,144.77953435502786,137.92181865071058,138.8970577128434,1671574
2023-08-07,138.91226140515977,142.35079347178078,134.67377344323876,138.91226140515977,1857552
2023-08-08,138.84049678433556,140.37624572719653,132.84297762258174,138.84049678433556,1994367
2023-08-09,138.32337894414044,144.54432181718246,137.72530132233973,138.32337894414044,3530010
2023-08-10,138.5071664535405,144.21060247514413,134.78123618582066,138.5071664535405,3196819
2023-08-11,137.056167324973,142.6640929144585,134.68102736623192,137.056167324973,1822991
2023-08-14,135.3140580302978,136.45066652842985,130.03878228614622,135.3140580302978,1068440
2023-08-15,134.81912978792138,139.09347754834627,129.77069219355022,134.81912978792138,3948353
2023-08-16,137.01420946979283,142.43918972429998,135.65357954221048,137.01420946979283,3734477
2023-08-17,138.3303613318429,139.68368945336084,136.652989395417,138.3303613318429,3261766
2023-08-18,139.03598657602717,141.28355125237408,136.7358515890382,139.03598657602717,4252082
2023-08-21,139.2575801095469,141.14608129099165,138.81991008893445,139.2575801095469,2949727
2023-08-22,137.29826174319024,141.8198638101393,135.82079882850715,137.29826174319024,2722716
2023-08-23,139.5091231888121,143.5059836785414,137.9590102207017,139.5091231888121,3663803
2023-08-24,139.11829146838008,139.39697672993253,133.96457227896968,139.11829146838008,1465292
2023-08-25,141.4020267741162,146.70066779133683,136.7556686361633,141.4020267741162,3939970
2023-08-28,138.8909650388696,139.15758409810286,132.02163770646615,138.8909650388696,4166499
2023-08-29,141.01318061366663,141.1749204488746,136.3819314175285,141.01318061366663,1684057
2023-08-30,141.02105331024435,146.3028457261572,134.42236119235707,141.02105331024435,1962925
2023-08-31,140.93174361907444,147.0496886505259,134.6509431477204,140.93174361907444,3469609
2023-09-01,138.89823968520685,144.45705062578062,132.9572378164641,138.89823968520685,4446938
2023-09-04,137.38984420591692,138.11677275054976,136.40761296925302,137.38984420591692,3070197
2023-09-05,137.5529014112977,139.58278249738237,137.52811400044203,137.5529014112977,3867545
2023-09-06,138.92637741870195,143.61393684155175,133.24517029066823,138.92637741870195,4979080
2023-09-07,138.10921539314842,140.40808997948966,137.29646950452837,138.10921539314842,2735583
2023-09-08,138.52058757262904,140.09173307664156,135.19336333972913,138.52058757262904,4148286
2023-09-11,138.4611356343347,140.61941476765367,135.70265980491843,138.4611356343347,2935712
2023-09-12,138.4099219757278,139.1841803913787,134.87511016537763,138.4099219757278,3147906
2023-09-13,138.05094582011859,140.54187250401918,135.21424058211784,138.05094582011859,1216523
2023-09-14,139.99122884394316,142.8708720941548,134.8426965668809,139.99122884394316,1375282
2023-09-15,139.7319430168647,140.91003050627833,138.41438902517442,139.7319430168647,1298311
2023-09-18,140.63085258526178,140.70698945251434,135.57072174260037,140.63085258526178,2014017
2023-09-19,140.979150995982,142.270082433545,137.84507918453298,140.979150995982,4815700
2023-09-20,139.2885825262473,142.64129572586202,135.8372179122276,139.2885825262473,1822944
2023-09-21,137.530166895659,138.81063045278907,131.82635688640477,137.530166895659,2039552
2023-09-22,137.64473278400527,141.92384122896934,133.17829334505956,137.64473278400527,1987203
2023-09-25,139.33584402460602,140.95251042651796,137.86625294632321,139.33584402460602,4804584
2023-09-26,140.09953979919257,140.8578770969781,136.08132878742387,140.09953979919257,4813834
2023-09-27,138.92659775522864,144.92765994411087,137.42378724506995,138.92659775522864,3322849
2023-09-28,139.17175290209232,144.1830495898445,137.29515316615462,139.17175290209232,3400568
2023-09-29,140.52229792363227,143.72776081253875,139.78995087330057,140.52229792363227,1592273
2023-10-02,138.842510306711,143.09594764169117,135.47164334310932,138.842510306711,3814710
2023-10-03,140.41039369791142,145.11689765295722,139.22492018424114,140.41039369791142,3746535
2023-10-04,141.0439084599586,141.68992393260473,140.06125325879006,141.0439084599586,3690747
2023-10-05,138.39447183523723,142.53022243417539,132.89094449515662,138.39447183523723,4274888
2023-10-06,140.19219759935922,140.95004371558244,133.1828085451751,140.19219759935922,2171492
2023-10-09,139.05055403537597,139.72391329204407,137.36663034927852,139.05055403537597,4742640
2023-10-10,140.7190197660497,142.00479441077377,135.20115118849125,140.7190197660497,3262674
2023-10-11,141.80931232699956,147.5809494133013,139.87274141936038,141.80931232699956,1912954
2023-10-12,140.34610052768093,142.9798540006703,137.28181477204615,140.34610052768093,4738376
2023-10-13,138.32151789468318,139.9269524893626,134.8584386198282,138.32151789468318,3268661
2023-10-16,138.2835952676379,140.67210823837902,138.21937965678705,138.2835952676379,4756184
2023-10-17,138.21387846727401,142.41333020420993,133.1656624429992,138.21387846727401,3826547
2023-10-18,137.84838558881876,137.98762680819536,132.61668270039294,137.84838558881876,3659638
2023-10-19,137.67885577113736,141.4904262830702,133.38793301938745,137.67885577113736,1751881
2023-10-20,136.6716968790972,138.19191543817738,131.31101624343765,136.6716968790972,1972631
2023-10-23,136.52716338319553,142.2013539862596,132.34241288187835,136.52716338319553,3284548
2023-10-24,134.628279759872,139.78558190133674,133.9903333727462,134.628279759872,4090279
2023-10-25,132.99915945477974,134.19154694621906,132.71246010817194,132.99915945477974,2765052
2023-10-26,134.68909103641744,140.44995928551475,130.94965464598906,134.68909103641744,4097783
2023-10-27,134.3353465245173,140.53033952984038,129.02450820918054,134.3353465245173,4522411
2023-10-30,133.78733651116792,136.16693381942633,130.70150697898242,133.78733651116792,2641717
2023-10-31,132.4595977670974,134.7919860821887,130.281805708591,132.4595977670974,3490297
2023-11-01,133.72765094949634,134.31579736656747,132.18946817021663,133.72765094949634,4648689
2023-11-02,133.11054152389494,139.38045161044252,126.91029371824867,133.11054152389494,1835477
2023-11-03,131.08944859720143,137.59811876369974,124.55031485915565,131.08944859720143,2470857
2023-11-06,131.76088293813763,132.790828694772,127.59494183662059,131.76088293813763,3948746
2023-11-07,132.78545943545265,137.55891148284957,127.38141907000606,132.78545943545265,3135306
2023-11-08,135.19736060864258,137.21529032372283,134.5954428016117,135.19736060864258,2295013
2023-11-09,134.8353838876917,135.4128936389706,133.32806527986753,134.8353838876917,4948161
2023-11-10,133.27842060537063,135.46494320336555,131.3685222392611,133.27842060537063,4759580
2023-11-13,133.21777858992021,134.02003916574284,129.22449641300273,133.21777858992021,2005609
2023-11-14,133.59808808148492,138.2051311303946,129.84687293181727,133.59808808148492,2729485
2023-11-15,131.4967095216188,136.91263413980067,130.1018788185255,131.4967095216188,2094010
2023-11-16,131.4840124915505,136.40594496618692,126.43488965939807,131.4840124915505,3366617
2023-11-17,132.78214614166018,138.89367135554022,127.06599726427119,132.78214614166018,4746231
2023-11-20,133.16540127817572,139.06875419505874,132.21167634274417,133.16540127817572,4112138
2023-11-21,131.9048086456534,138.39263095218882,131.6442083182987,131.9048086456534,4783197
2023-11-22,133.75592738541877,137.75371444044515,128.01719356067264,133.75592738541877,1308508
2023-11-23,136.59864170236673,141.73052931784713,130.2611740708175,136.59864170236673,3705360
2023-11-24,137.1921045258864,138.95689703332292,130.55355265068513,137.1921045258864,4788936
2023-11-27,138.4011433790271,139.81288269395057,136.98156397030203,138.4011433790271,1308056
2023-11-28,137.34202615346413,143.55242512983895,136.718321876908,137.34202615346413,2446007
2023-11-29,138.1153281702436,140.85746443978462,133.2497157333868,138.1153281702436,1616682
2023-11-30,137.80978381703665,141.3943859680989,134.9658706397695,137.80978381703665,1068438
2023-12-01,140.2146769734714,140.55160680063457,138.20501850263625,140.2146769734714,3453781
2023-12-04,142.02905829378042,142.9264341793281,140.43786456778824,142.02905829378042,2363788
2023-12-05,138.99559153290159,142.15038556701668,136.8156588516177,138.99559153290159,3469589
2023-12-06,138.49012961491593,142.88164341180516,134.4288269650874,138.49012961491593,3319184
2023-12-07,138.42350644611392,141.40311520230887,132.823641391143,138.42350644611392,4196411
2023-12-08,139.1535319363387,143.80176034325743,133.39357170809907,139.1535319363387,2887606
2023-12-11,137.36293369177716,142.36955231776076,134.41255924346214,137.36293369177716,4271388
2023-12-12,136.7908259635692,137.9043574901915,133.59447095894305,136.7908259635692,1149590
2023-12-13,136.55590660845246,140.8762916440303,135.5537005619795,136.55590660845246,2609032
2023-12-14,139.03925009300121,145.591123766495,137.00871063552864,139.03925009300121,4255940
2023-12-15,139.9186614220135,140.14787700235527,135.86635641474746,139.9186614220135,2002457
2023-12-18,138.0522960791109,142.35026572037586,137.2315646965251,138.0522960791109,2911238
2023-12-19,139.23272064359438,143.4581960524982,138.08434197101894,139.23272064359438,1240237
2023-12-20,141.26875960834383,146.56731408024035,136.62389233691766,141.26875960834383,1628009
2023-12-21,140.33483386802882,144.26630156933766,134.38828239029723,140.33483386802882,3177050
2023-12-22,138.62090358841434,143.61006832828798,132.63884958687416,138.62090358841434,1708962
2023-12-25,138.70765695588977,142.11342535912092,132.52166226500114,138.70765695588977,2281080
2023-12-26,139.89021499613898,145.49075022709488,136.3059708444565,139.89021499613898,4682038
2023-12-27,140.40562099227722,142.65262352796233,133.53762800967877,140.40562099227722,3661276
2023-12-28,137.59039642165266,138.9684893318405,133.38032327949836,137.59039642165266,4826166
2023-12-29,137.12026529642392,141.64292602256126,132.16877848091872,137.12026529642392,2739693
2024-01-01,136.560764049315,143.2640489886211,132.39929194109064,136.560764049315,4508787
2024-01-02,136.750330068825,141.64594878216457,134.38509366805184,136.750330068825,1358988
2024-01-03,137.35432199890076,141.65601955127437,135.19079663867572,137.35432199890076,2401934
2024-01-04,140.09549744462427,147.0277352093879,133.14781181377688,140.09549744462427,3243941
2024-01-05,142.50371086936204,142.70465975599518,138.1923677253426,142.50371086936204,3407720
2024-01-08,142.01265745705658,143.7424991282833,140.74168998537223,142.01265745705658,1409127
2024-01-09,142.6502512616451,144.76206575066556,136.69741477644624,142.6502512616451,3927999
2024-01-10,143.6363239465691,147.84976653487092,139.08355313090533,143.6363239465691,4738672
2024-01-11,142.93648428218643,148.4822251597605,142.57843670703215,142.93648428218643,3673071
2024-01-12,143.75142909388765,150.3165408159295,143.47029917355718,143.75142909388765,2575463
2024-01-15,140.91251479481716,145.41515095162674,135.78532621147028,140.91251479481716,3812334
2024-01-16,139.8503966363905,142.07788225317785,134.10198303468783,139.8503966363905,1263183
2024-01-17,138.56160311696178,141.59669159551427,136.48363092796689,138.56160311696178,3283378
2024-01-18,137.9473374389596,141.38948547252033,137.64959384558014,137.9473374389596,3345708
2024-01-19,137.756067231165,138.41320912278243,134.42821569006813,137.756067231165,2797015
2024-01-22,138.4440635169608,139.3106105563474,133.89676646003255,138.4440635169608,3067765
2024-01-23,138.6379253095476,141.63087277115812,137.48376006109936,138.6379253095476,2154016
2024-01-24,139.178397603766,143.29062973013188,132.41768540030668,139.178397603766,3989775
2024-01-25,140.22193890304476,140.78805912441499,133.33836984567805,140.22193890304476,2631104
2024-01-26,140.58432558664447,140.78211642755673,136.5369147352065,140.58432558664447,3706933
2024-01-29,139.95255495751016,140.12295654959144,136.21573100486148,139.95255495751016,1935893
2024-01-30,138.02592976585981,142.26123471295486,133.26623869594184,138.02592976585981,2244959
2024-01-31,137.26376911836027,143.9065805685109,132.03409366809927,137.26376911836027,1460839
2024-02-01,138.4120416684824,144.44113976533143,135.09053794990936,138.4120416684824,3567659
2024-02-02,138.7520390448026,139.9454697858748,132.61994305094478,138.7520390448026,2989247
2024-02-05,140.84853908237625,142.23564748636795,139.2402918840238,140.84853908237625,2232299
2024-02-06,144.28310973150573,148.85450221768505,137.11662705162277,144.28310973150573,2751415
2024-02-07,144.52723763462242,150.2754183888958,143.1671626590074,144.52723763462242,3892045
2024-02-08,145.13019927902948,145.63446028808033,144.91575158757612,145.13019927902948,4894420
2024-02-09,145.21451278986757,145.36645619984685,139.8625304010108,145.21451278986757,2815998
2024-02-12,144.73798088746784,144.88852910708147,142.233981814714,144.73798088746784,1689048
2024-02-13,144.01235776650353,144.97740328330926,138.31865962686044,144.01235776650353,3687163
2024-02-14,144.56897940698673,145.96402156728317,144.31306543166173,144.56897940698673,2925720
2024-02-15,143.3212681392049,149.45351582662366,138.89167040669577,143.3212681392049,4176389
2024-02-16,141.61243687712383,147.50807206766493,140.49596858462166,141.61243687712383,4260638
2024-02-19,141.39368401992303,146.39642093214115,136.02219691235783,141.39368401992303,4503078
2024-02-20,143.01910742550797,148.83412313095215,141.66814360467464,143.01910742550797,2124857
2024-02-21,140.9141692330376,141.21105891715757,135.66697937740437,140.9141692330376,4128559
2024-02-22,140.4810104203212,146.35927074912007,138.4393589459108,140.4810104203212,3539944
2024-02-23,140.4497276418374,146.06070798395825,137.9352648918766,140.4497276418374,3521532
2024-02-26,142.5332556359515,146.34744613342733,138.02063284102,142.5332556359515,2369778
2024-02-27,143.1627617761544,146.7322525410681,142.16842740625881,143.1627617761544,4184403
2024-02-28,142.79554701869856,148.89624879033474,137.2356919914844,142.79554701869856,4743111
2024-02-29,143.45438044659866,147.13138976350564,141.21447744951908,143.45438044659866,2684269
2024-03-01,143.61157390127278,150.32600292309763,137.91612040078107,143.61157390127278,1720095
2024-03-04,143.9022565139403,147.853639328387,137.62925824087367,143.9022565139403,3903929
2024-03-05,145.48985594219394,147.93972804341848,139.19502507894197,145.48985594219394,2477117
2024-03-06,146.44505504954347,151.74633085474863,145.0037056445666,146.44505504954347,4914315
2024-03-07,147.67914961543062,153.7189796614908,145.57399321694047,147.67914961543062,2894178
2024-03-08,147.79440782171625,150.45161606943887,147.03927307551655,147.79440782171625,4523680
2024-03-11,148.56945595163873,149.08103960885362,141.69720817992248,148.56945595163873,2946484
2024-03-12,148.28434057559204,151.46453764782228,143.66069060825532,148.28434057559204,2136750
2024-03-13,152.3562536750349,154.97430871889134,148.12088318759697,152.3562536750349,2491813
2024-03-14,153.29080442830423,155.37712880858527,151.50514660105188,153.29080442830423,4165290
2024-03-15,151.13859378683782,152.66740138963587,143.84134393603478,151.13859378683782,2828235
2024-03-18,152.6279135750879,152.86700211529364,146.02352416977038,152.6279135750879,4456062
2024-03-19,151.44198742193143,156.17773188798884,144.48484385469794,151.44198742193143,4289934
2024-03-20,148.86330819439223,155.30062839827065,142.71758153967386,148.86330819439223,3344038
2024-03-21,150.23836817318687,152.87152962815506,147.34080145376606,150.23836817318687,3500979
2024-03-22,147.94095176028554,150.12367325976984,146.56094417687046,147.94095176028554,4723581
2024-03-25,145.92706590314143,149.8992657063536,144.3886899299485,145.92706590314143,1372617
2024-03-26,146.08286927086326,148.09139349769424,143.84695642505847,146.08286927086326,2997892
2024-03-27,147.95225940888344,152.50308852296695,146.30226463754286,147.95225940888344,3402491
2024-03-28,147.82380119085968,148.04751164670125,146.77169230630003,147.82380119085968,3004429
2024-03-29,147.0242689659668,148.94634717641244,146.4036364904505,147.0242689659668,1366714
2024-04-01,146.35465485086144,146.37100810642139,145.81698400812314,146.35465485086144,3611903
2024-04-02,144.78860999084435,147.24691821857866,142.45615826930782,144.78860999084435,2295036
2024-04-03,146.23453087086008,151.3842199657831,141.44398382705913,146.23453087086008,4459124
2024-04-04,147.75436163694195,149.3714872379112,147.34255410950422,147.75436163694195,3965919
2024-04-05,145.9743967409885,147.25147169587356,143.03737298074302,145.9743967409885,1457009
2024-04-08,145.58356461675578,148.56128376788615,141.70637810225676,145.58356461675578,2660877
2024-04-09,143.39336720697324,144.67737290763313,140.0992215099792,143.39336720697324,2365713
2024-04-10,142.55368183656887,144.65779253771663,138.6047278949556,142.55368183656887,1446048
2024-04-11,142.75824613261952,145.28408574001756,142.31763949333558,142.75824613261952,2342383
2024-04-12,143.45813495625833,145.4923839074871,141.3501438441038,143.45813495625833,2908424
2024-04-15,144.36669750619328,146.99813929538678,140.84638526794535,144.36669750619328,4147952
2024-04-16,145.50793799551957,147.8907396725723,143.450719523289,145.50793799551957,2378057
2024-04-17,143.84613755969497,150.01406299614862,137.59969612824548,143.84613755969497,2538953
2024-04-18,142.84459840122796,144.42956180473595,135.8661512847075,142.84459840122796,3502390
2024-04-19,140.57129041954659,147.2119304903362,134.37019894710886,140.57129041954659,3818652
2024-04-22,137.68870621969424,141.72136457319584,133.53728161299978,137.68870621969424,1552662
2024-04-23,136.42566767880393,140.38532927487003,136.25369997802224,136.42566767880393,3129750
2024-04-24,138.84523262964095,140.6201925157438,133.05204555923785,138.84523262964095,3245861
2024-04-25,138.31713480648273,143.40837154091727,136.9164330960775,138.31713480648273,3178199
2024-04-26,137.510547883068,137.5231413135623,133.0472113266981,137.510547883068,3751770
2024-04-29,136.0129284642092,140.4856682377509,131.1011180915321,136.0129284642092,2023143
2024-04-30,133.4790061164168,135.0381848577455,133.3895790682197,133.4790061164168,1224252
2024-05-01,130.43325569963366,132.77719619598898,127.20164193732712,130.43325569963366,3792416
2024-05-02,132.93748496279255,135.71287989510802,131.27178139412948,132.93748496279255,2134459
2024-05-03,132.80991388881063,137.60323920910346,130.63830879830732,132.80991388881063,1461866
2024-05-06,132.98232734056052,137.9902827450317,127.55394876064939,132.98232734056052,1122413
2024-05-07,133.75464630488517,136.67730514202978,132.7805642964898,133.75464630488517,2298324
2024-05-08,133.82400481590926,137.26738993473256,133.1584715913334,133.82400481590926,4404281
2024-05-09,137.65605845700733,143.5483626457761,133.83738070023495,137.65605845700733,4073331
2024-05-10,136.4343942226654,138.16775829726478,135.75857461728978,136.4343942226654,2094285
2024-05-13,136.35281188084934,136.83894920606747,133.02140385983142,136.35281188084934,1951710
2024-05-14,136.60639045922832,140.23079147370368,132.7563381338916,136.60639045922832,1202928
2024-05-15,136.58977062616762,142.53338377411757,135.36166183110754,136.58977062616762,2419785
2024-05-16,136.35397634492872,136.61286259755454,135.9266173701551,136.35397634492872,4290905
2024-05-17,134.21400520213697,134.4839178895177,130.81295994917687,134.21400520213697,1980748
2024-05-20,136.1211829815428,136.1360010330837,135.9725000793594,136.1211829815428,4426679
2024-05-21,135.08656864219554,141.44646223942138,128.97299965387566,135.08656864219554,1486766
2024-05-22,135.76417655040126,137.88055802518892,129.81096223555713,135.76417655040126,3794342
2024-05-23,137.16030483315137,139.42250544999135,136.42574308831038,137.16030483315137,4869795
2024-05-24,135.22369457440453,137.51807690496102,132.14442402960336,135.22369457440453,3698314
2024-05-27,135.93059950973614,139.7757114584141,130.94867201829936,135.93059950973614,3878970
2024-05-28,135.5463319746564,138.89991092429148,131.1028335879066,135.5463319746564,4541755
2024-05-29,135.5279302856611,141.36746351802262,134.48725184549514,135.5279302856611,2280858
2024-05-30,137.01833631973477,140.3553234692605,135.67244989420115,137.01833631973477,1613369
2024-05-31,137.72096773801653,138.1609296559074,137.00762668794118,137.72096773801653,2329012
2024-06-03,138.18342656172774,141.034249645699,137.22595666567545,138.18342656172774,2285283
2024-06-04,136.25592929749368,137.19110392410164,134.56995048680417,136.25592929749368,4122299
2024-06-05,135.39401325194228,138.81432810797168,130.7332451001793,135.39401325194228,2992595
2024-06-06,135.95605482053114,137.08090129251923,134.58469872046985,135.95605482053114,2127340
2024-06-07,134.6572958344325,135.34850842215482,128.01545568385015,134.6572958344325,3604136
2024-06-10,136.47542253904712,137.5563927935326,132.54215190436693,136.47542253904712,2535092
2024-06-11,135.96455121824403,137.58425195955937,130.4431429466532,135.96455121824403,1182375
2024-06-12,137.48239222077552,142.77386546346034,131.82568008770795,137.48239222077552,2674035
2024-06-13,137.95576917099208,144.14609652119483,136.78824236946414,137.95576917099208,3494390
2024-06-14,141.19025976985884,143.97923005680232,139.32017917777267,141.19025976985884,1765820
2024-06-17,144.17615578581066,151.08317293206554,140.35007659742428,144.17615578581066,1579978
2024-06-18,143.0071742914705,149.02150600361162,139.72382550301367,143.0071742914705,1076726
2024-06-19,141.58543290791278,147.7268506796036,136.39544545251923,141.58543290791278,3989477
2024-06-20,140.03087939822984,141.49774187985537,136.09509916515654,140.03087939822984,3021022
2024-06-21,138.6137901567191,145.29069306391523,135.90809103190105,138.6137901567191,3301935
2024-06-24,137.42447293520274,144.22673325429875,136.5234231496998,137.42447293520274,2324484
2024-06-25,137.58509697989828,137.81688090414337,131.70544122592975,137.58509697989828,3607716
2024-06-26,138.33465826657684,142.47351144199996,138.0276240171778,138.33465826657684,1810377
2024-06-27,137.73968179071244,137.77704120872679,135.43348606527894,137.73968179071244,4853132
2024-06-28,137.6973837929334,139.77108342346514,135.5847434109708,137.6973837929334,3960365
2024-07-01,135.22524500630848,138.88994717155447,133.3461365592676,135.22524500630848,4360109
2024-07-02,134.29276944259854,139.37174723811583,131.58279588575363,134.29276944259854,4031062
2024-07-03,131.76179748596678,132.10819196191852,131.31770443224698,131.76179748596678,3266363
2024-07-04,131.2023869311427,136.1448840948278,127.11469724902125,131.2023869311427,3658447
2024-07-05,131.62764347566673,134.39636323765433,126.9997874142302,131.62764347566673,1259172
2024-07-08,131.5569032808122,137.9507873605452,130.2612593743044,131.5569032808122,1450497
2024-07-09,131.8366646305095,134.7399105567568,129.4699484138177,131.8366646305095,4054370
2024-07-10,131.69363023201646,135.55392414848623,130.75937682953548,131.69363023201646,1441615
2024-07-11,131.77520541316238,137.7905394426167,131.10511941996126,131.77520541316238,2634094
2024-07-12,130.24117252094774,133.06353238745632,125.79214120488803,130.24117252094774,3394871
2024-07-15,133.26415311573334,136.29113118533397,133.00730912984437,133.26415311573334,2632660
2024-07-16,134.04182124384423,140.06360815009936,129.4745631612842,134.04182124384423,1268870
2024-07-17,134.87236739283205,134.96832310426794,134.15743033324293,134.87236739283205,3821373
2024-07-18,135.58668030197035,136.256378895216,132.5260628632958,135.58668030197035,4945123
2024-07-19,134.03971951946346,138.20121035667236,132.3069405310642,134.03971951946346,3079013
2024-07-22,131.5835664580009,137.2856968342161,126.06459513796169,131.5835664580009,1483492
2024-07-23,131.12474004478014,133.9935826102941,129.413259995231,131.12474004478014,3317206
2024-07-24,131.5591164149545,134.40001795507857,131.09375992270094,131.5591164149545,4754403
2024-07-25,133.62254708084458,140.15008202763602,130.06242915474948,133.62254708084458,1379207
2024-07-26,132.85136828968456,137.22729939092545,128.9229541306974,132.85136828968456,3016325
2024-07-29,131.9592464252712,135.07386092955431,125.47771567976143,131.9592464252712,1327508
2024-07-30,135.34611496402485,140.2750542326974,131.84322561169878,135.34611496402485,2359996
2024-07-31,138.05805182480086,139.67388265200324,131.26223018134326,138.05805182480086,3575831
2024-08-01,136.60263957563657,141.96110659075623,132.55794729528085,136.60263957563657,1304250
2024-08-02,134.9786961456085,137.98466168666633,128.81808339530772,134.9786961456085,3896345
2024-08-05,136.07969252219206,138.0468883840062,132.9694244483209,136.07969252219206,2191754
2024-08-06,138.18817981569867,140.6537101811345,135.30503072999957,138.18817981569867,4156220
2024-08-07,133.98391637419127,136.22742809953795,129.0831654337961,133.98391637419127,2065171
2024-08-08,130.81677049784395,137.11780452314235,128.6291009239257,130.81677049784395,3774705
2024-08-09,131.9750297434742,132.99264756699483,128.63842080195582,131.9750297434742,2634396
2024-08-12,135.13961204436754,141.20257662910163,132.2156878226147,135.13961204436754,2488566
2024-08-13,132.90852208852002,136.30011334536104,129.0836325576488,132.90852208852002,1460677
2024-08-14,132.93173297122178,137.87018642547503,128.3097691493392,132.93173297122178,2878657
2024-08-15,130.33719561844828,136.7003622189563,124.79057362002627,130.33719561844828,2781376
2024-08-16,130.15755955222684,133.65738558065252,129.33617409437448,130.15755955222684,3965559
2024-08-19,130.34128427432904,131.7479166512101,126.82849134169514,130.34128427432904,2156057
2024-08-20,128.7651927238477,132.33625568757284,126.27424164477715,128.7651927238477,1789936
2024-08-21,127.91516827955765,130.24552502476809,122.82530536946243,127.91516827955765,4308027
2024-08-22,127.55927804281895,130.94079484571193,121.49825165719291,127.55927804281895,4448171
2024-08-23,128.13941150369894,130.6676600484755,124.68020277153758,128.13941150369894,4396812
2024-08-26,129.5799932674204,133.31544953380373,129.44172000929925,129.5799932674204,4819892
2024-08-27,131.69880636577165,135.76191475772973,131.60185957489557,131.69880636577165,1799879
2024-08-28,128.77994002552074,131.67262694266748,125.56349890208982,128.77994002552074,4753568
2024-08-29,128.74962351137737,134.11024052946703,122.92661894597313,128.74962351137737,3282150
2024-08-30,127.98375009917176,133.0773621748322,125.21607053248599,127.98375009917176,3768400
2024-09-02,129.61390815366553,134.55279830549537,128.95630795284484,129.61390815366553,2778098
2024-09-03,129.19517926259434,132.96429443775767,124.50027850879678,129.19517926259434,1836285
2024-09-04,128.4148986617099,130.52200511906688,125.39228970213664,128.4148986617099,1573212
2024-09-05,124.81613813695637,127.526872188409,123.96027026530848,124.81613813695637,4743229
2024-09-06,123.0435739295821,126.64591739038528,117.70986222813788,123.0435739295821,3827263
2024-09-09,122.44509188316464,127.42857072139053,118.70223280845929,122.44509188316464,2276710
2024-09-10,119.37898878624337,123.29395457298747,115.04513220205426,119.37898878624337,3756257
2024-09-11,118.68531108811793,119.69908829434097,113.81099483925985,118.68531108811793,3197562
2024-09-12,118.01992133671943,120.22278061302607,115.1257118814637,118.01992133671943,3362913
2024-09-13,118.77502884323584,119.48504519081696,117.47830595698426,118.77502884323584,4479503
2024-09-16,119.82899371472205,120.92482502280698,117.6470174347646,119.82899371472205,3652314
2024-09-17,122.89534659494171,123.22323614365922,121.64825220080243,122.89534659494171,4160219
2024-09-18,120.87693354354602,122.09140638329355,117.78670179544343,120.87693354354602,2267152
2024-09-19,122.84591972603812,126.40431085701222,119.9571996751376,122.84591972603812,1976218
2024-09-20,122.72203006506503,126.7407802439122,122.43482310429675,122.72203006506503,2710993
2024-09-23,121.23166591633708,124.54224749660834,117.05246600866091,121.23166591633708,4057901
2024-09-24,120.68033822425886,123.03623866070035,120.45194758154085,120.68033822425886,3290881
2024-09-25,119.49444438622237,123.61909814881541,118.16797949862577,119.49444438622237,4936948
2024-09-26,119.49682545614509,120.68305597094853,117.43976387383911,119.49682545614509,3138885
2024-09-27,117.57589290234881,121.62298705560892,111.98741283412141,117.57589290234881,1477006
2024-09-30,116.93948649271687,120.17968616622805,115.30079612611786,116.93948649271687,1669399
2024-10-01,117.11812446877035,119.25469863824294,117.11379361366443,117.11812446877035,3645327
2024-10-02,118.79367859821653,122.94109911354705,114.17374603697826,118.79367859821653,4972688
2024-10-03,119.8618051731867,120.2503132730274,115.16967225607644,119.8618051731867,2832550
2024-10-04,119.03518563814191,121.57880304304294,116.97499568855832,119.03518563814191,3039065
2024-10-07,118.73534076354062,119.47008466432982,117.73899218336585,118.73534076354062,4532469
2024-10-08,120.27125840091011,122.83806647688512,116.84946636615925,120.27125840091011,2265473
2024-10-09,121.24695901360617,125.14130386651672,118.08014729789531,121.24695901360617,3746280
2024-10-10,120.8305941526658,124.37293290017257,120.16044846833839,120.8305941526658,1973194
2024-10-11,120.40773824428729,126.2376672017344,117.31591080253801,120.40773824428729,3105944
2024-10-14,120.6311602420802,122.87703616661534,119.59639184791621,120.6311602420802,4586692
2024-10-15,121.14339173884285,125.8936818111273,117.32653366990009,121.14339173884285,3338167
2024-10-16,120.0890808693065,125.99586877572355,118.0502440688256,120.0890808693065,3023600
2024-10-17,121.74085543999556,125.02789774223103,121.62224286583204,121.74085543999556,3784910
2024-10-18,123.58336952883194,124.67553079420635,117.41109933676371,123.58336952883194,2245788
2024-10-21,123.18343109519678,128.08614813010078,117.20506374389932,123.18343109519678,4230198
2024-10-22,124.24109223865479,130.26621217975236,118.89496550123948,124.24109223865479,3541093
2024-10-23,123.54798891272551,125.93400555987887,120.9547830089857,123.54798891272551,2860751
2024-10-24,121.63498411340201,123.94430879574503,117.88909628395025,121.63498411340201,3507211
2024-10-25,118.46267127886003,123.80591036635157,117.40415726952138,118.46267127886003,1579579
2024-10-28,118.4331124616648,119.60194065983589,116.10161820068019,118.4331124616648,1282929
2024-10-29,119.99179284441449,125.54685949954768,114.20597692076375,119.99179284441449,1179585
2024-10-30,120.00266443050876,123.82210195533057,114.12915221160532,120.00266443050876,3132548
2024-10-31,121.03782478158786,123.82358614602813,118.49736208528176,121.03782478158786,3910374
2024-11-01,120.30612965262684,121.813398733073,115.98639030603314,120.30612965262684,2521257
2024-11-04,119.77241162362373,123.67168662293214,117.40305150350586,119.77241162362373,2593069
2024-11-05,121.14628816525654,125.97646294469324,119.2830898498143,121.14628816525654,2074122
2024-11-06,120.99785994742159,125.83138111766091,120.21087034666567,120.99785994742159,3765740
2024-11-07,122.03666716945308,126.91663474717375,120.37755333408467,122.03666716945308,3954355
2024-11-08,118.46090197807817,120.42947877884417,113.84806460556877,118.46090197807817,3666759
2024-11-11,117.0911302258876,121.71511779444789,115.58640627896813,117.0911302258876,3852340
2024-11-12,116.80197644447084,120.27713550159189,111.14955315472201,116.80197644447084,3881534
2024-11-13,113.42300217704701,114.53529336690956,111.95335617559083,113.42300217704701,4325210
2024-11-14,111.74890142696708,114.13221944197194,106.77169604130421,111.74890142696708,4779510
2024-11-15,110.62809412756305,116.09140577570037,106.95010908094683,110.62809412756305,3532602
2024-11-18,110.17680526684111,112.08545299440586,105.2380846421678,110.17680526684111,1409035
2024-11-19,109.4740743454886,110.2189888410733,108.18031778905804,109.4740743454886,1842528
2024-11-20,110.18019524044432,111.7910901524118,105.35353926959911,110.18019524044432,2457006
2024-11-21,112.95029373376606,117.18180176835715,111.32648870905312,112.95029373376606,2853700
2024-11-22,114.91641714546915,115.48767241651484,113.67052143840037,114.91641714546915,2740382
2024-11-25,116.17063667998036,117.5323202836768,110.92692389929128,116.17063667998036,2145058
2024-11-26,116.2697964181231,117.741796364431,114.38745548899725,116.2697964181231,1163402
2024-11-27,119.07024837702592,123.50399346108397,113.26114668449941,119.07024837702592,4596232
2024-11-28,119.82752487466044,120.13206514639936,114.08710153779091,119.82752487466044,2700493
2024-11-29,121.2023299003144,122.26834378088161,119.6792608948797,121.2023299003144,4229580
2024-12-02,120.02637878882602,125.68592877201979,116.83189959296799,120.02637878882602,4883783
2024-12-03,120.80978618723876,126.33083126714067,114.98111787525458,120.80978618723876,3013947
2024-12-04,121.95141105138399,126.11343702168557,115.99211296547533,121.95141105138399,4249316
2024-12-05,121.53805453848784,122.31599596159039,119.09195435765888,121.53805453848784,2299722
2024-12-06,118.93507570450446,123.37597009485366,117.65052702153962,118.93507570450446,2637281
2024-12-09,119.98105897896305,124.08644918011802,115.15302312168464,119.98105897896305,4257011
2024-12-10,121.54057623282013,125.34867949910584,120.6481667556031,121.54057623282013,3057439
2024-12-11,119.98715014945846,125.23072261886504,116.15613280756648,119.98715014945846,3822458
2024-12-12,119.03128370462152,123.20032144447066,113.22063411101007,119.03128370462152,4643421
2024-12-13,118.47819006459896,118.5218509879883,118.10451193706439,118.47819006459896,2825200
2024-12-16,117.28359114533194,123.12939609814704,114.35327567883614,117.28359114533194,3295297
2024-12-17,117.27468010395847,120.04285362568176,117.23010657126916,117.27468010395847,2944440
2024-12-18,115.98597332431363,116.23105256109415,112.7983598079128,115.98597332431363,1945930
2024-12-19,117.60766507582271,119.33210878030499,116.25991944979131,117.60766507582271,3874201
2024-12-20,114.47599916091526,114.93122132311447,113.97425605010362,114.47599916091526,3060178
2024-12-23,113.66785598726658,117.98227226463356,109.37329172822783,113.66785598726658,3278575
2024-12-24,113.70659748005468,116.4199439781883,109.12957152890829,113.70659748005468,4240356
2024-12-25,113.26361583201148,118.79038111046795,112.15854997379938,113.26361583201148,4328456
2024-12-26,110.1764809999123,111.72956329242042,107.43523903304819,110.1764809999123,4261193
2024-12-27,107.92629808682032,108.11477691154614,103.87527788870867,107.92629808682032,3073679
2024-12-30,110.36609272550224,115.11018433245266,107.15097344844733,110.36609272550224,2750017
2024-12-31,111.2770210451362,113.09108648423162,109.96557748013073,111.2770210451362,4801167
2025-01-01,111.040684875644,115.2831061289656,109.14545251843546,111.040684875644,4605276
